Toppagina's,Aantal klikken,Vertoningen,CTR,Positie
https://flavory.wine/,3188,27420,11.63%,14.85
https://flavory.wine/shop/,1466,17606,8.33%,4.55
https://flavory.wine/shop/legendarische-wijnlanden-rood/,97,7268,1.33%,4.29
https://flavory.wine/shop/bubbelbox/,76,5899,1.29%,5.93
https://flavory.wine/home/,73,6425,1.14%,5.44
http://www.flavory.wine/,71,5494,1.29%,6.33
https://flavory.wine/contact/,36,5537,0.65%,4.05
https://flavory.wine/start-to-wijnkelder-welke-types-wijn-moet-je-altijd-in-huis-hebben/,36,1346,2.67%,18.88
https://flavory.wine/shop/productcategorie/bubbels/,28,1254,2.23%,14.56
https://flavory.wine/shop/flavory-business-pack-5-wijnboxen/,25,1088,2.3%,4.62
https://flavory.wine/shop2/,25,759,3.29%,7.04
https://flavory.wine/faq/,24,7788,0.31%,4.98
https://flavory.wine/de/shop-2/,24,1416,1.69%,11.68
https://flavory.wine/de/weinkeller-fuer-anfaenger-welche-weinsorten-solltest-du-immer-im-haus-haben/,24,1376,1.74%,21.29
https://flavory.wine/de/start/,24,564,4.26%,8.29
https://flavory.wine/over-flavory/,22,9542,0.23%,4.4
https://flavory.wine/shop/legendarische-druiven-wit/,21,2714,0.77%,8.65
https://flavory.wine/shop/merlot-of-cabernet-sauvignon/,20,5893,0.34%,8.06
https://flavory.wine/blog/vijf-cadeaus-die-iedereen-geeft-en-een-dat-bijblijft/,17,2868,0.59%,22.13
https://flavory.wine/partners/,16,3296,0.49%,5.39
https://flavory.wine/shop/chardonnay-of-sauvignon-blanc-premium/,16,1758,0.91%,8.44
https://flavory.wine/shop/witte-wijnspel-chardonnay-of-sauvignon-blanc/,14,1238,1.13%,6.65
https://flavory.wine/wijnkiezer/,12,816,1.47%,4.04
https://flavory.wine/shop/productcategorie/witte-wijn/,11,2389,0.46%,5.34
https://flavory.wine/blog/5-redenen-waarom-flavory-het-leukste-wijngeschenk-is/,11,1417,0.78%,21.84
https://flavory.wine/blog/drie-redenen-waarom-geen-twee-wijnen-ooit-helemaal-hetzelfde-smaken/,11,1182,0.93%,8.11
https://flavory.wine/blog/wat-te-doen-op-een-vriendenweekend-organiseer-een-wijnproeverij-spel/,11,775,1.42%,13.01
https://flavory.wine/blog/waarom-een-wijnavond-met-vriendinnen-soms-belangrijker-is-dan-therapie-dupliceren/,11,379,2.9%,6.95
https://flavory.wine/shop/merlot-of-cabernet-sauvignon-premium/,10,838,1.19%,11.08
https://flavory.wine/shop/productcategorie/rode-wijn/,9,3450,0.26%,6.37
https://flavory.wine/shop/producttag/box/,8,925,0.86%,3.63
https://flavory.wine/dit-voorspelt-jouw-wijnhoroscoop-voor-valentijn/,7,457,1.53%,11.06
https://flavory.wine/de/shop/cava-oder-prosecco/,6,551,1.09%,12.79
https://flavory.wine/win/,5,282,1.77%,5.93
https://flavory.wine/blog/start-to-wijnkelder-welke-types-wijn-moet-je-altijd-in-huis-hebben/,5,227,2.2%,13.22
https://flavory.wine/de/shop/productcategorie/schaumwein/,5,216,2.31%,6.17
https://flavory.wine/blog/originele-date-night-thuis/,5,115,4.35%,5.02
https://flavory.wine/blog/is-dure-wijn-beter/,4,437,0.92%,8.03
https://flavory.wine/algemene-voorwaarden/,4,262,1.53%,3.82
https://flavory.wine/shop/wijnproeverij-thuis-rood/,4,254,1.57%,8.24
https://flavory.wine/de/shop/chardonnay-oder-sauvignon-blanc/,3,1962,0.15%,13.64
https://flavory.wine/de/shop/merlot-oder-cabernet-sauvignon/,3,1245,0.24%,39.35
https://flavory.wine/de/ueber-flavory/,3,391,0.77%,7.08
https://flavory.wine/blog/natuurwijn-kopen/,3,342,0.88%,9.82
https://flavory.wine/?reviews=review-1,3,313,0.96%,6.73
https://flavory.wine/de/shop/italien-oder-spanien/,3,176,1.7%,9.13
https://flavory.wine/blog/wijnproeverij-date-night-chardonnay-of-sauvignon-blanc/,3,141,2.13%,9.84
https://flavory.wine/de/,3,58,5.17%,7.76
https://flavory.wine/shop/nieuw-combi-box-rose-wit-rood-rood-20-korting/,2,193,1.04%,6.89
https://flavory.wine/blog/luxe-wijnpakket-als-geschenk/,2,127,1.57%,8.23
https://flavory.wine/shop/valentijn-wine-tasting-game-italie-of-spanje-10-korting/,2,106,1.89%,9.37
https://flavory.wine/5-redenen-waarom-flavorys-wine-tasting-het-leukste-kerstcadeau-van-2024-is-2-2/,2,79,2.53%,13.58
https://flavory.wine/alcoholvrije-wijnen/,2,56,3.57%,11.57
https://flavory.wine/de/shop/merlot-oder-cabernet-sauvignon-copy-copy-kopie/,2,9,22.22%,7.56
https://flavory.wine/blog/de-ene-rose-is-de-andere-niet/,2,2,100%,3
https://flavory.wine/de/shop/chardonnay-oder-sauvignon-blanc-kopie/,1,520,0.19%,10.93
https://flavory.wine/blog/relatiegeschenken-slimme-investering-of-weggegooid-budget/,1,366,0.27%,6.59
https://flavory.wine/shop/combi-box-bubbels-wit-rood-rood/,1,291,0.34%,8.04
https://flavory.wine/blog/welke-wijn-bij-welk-gerecht-spiekbriefje/,1,257,0.39%,8.42
https://flavory.wine/blog/italiaanse-rode-wijnen/,1,131,0.76%,9.08
https://flavory.wine/shop/wijnspel-italie-vs-spanje-proef-jij-het-verschil/,1,104,0.96%,12.65
https://flavory.wine/shop/wijnproeverij-thuis-wit/,1,94,1.06%,9.61
https://flavory.wine/partnership/,1,92,1.09%,7.98
https://flavory.wine/blog/wijnspel-als-kerstcadeau-black-friday/,1,56,1.79%,10.34
https://flavory.wine/blog/wijnproeverij-thuis-flavory/,1,31,3.23%,13.42
https://flavory.wine/en/shop/chardonnay-of-sauvignon-blanc-premium/,1,3,33.33%,4.67
https://flavory.wine/de/shop/merlot-oder-cabernet-sauvignon-premium-edition/,0,520,0%,22.18
https://flavory.wine/de/shop/producttag/box-de/,0,204,0%,22.41
https://flavory.wine/blog/wijn-cadeau-pasen/,0,114,0%,9.67
https://flavory.wine/de/shop/italien-oder-spanien-copy/,0,108,0%,8.01
https://flavory.wine/blog/,0,107,0%,8.86
https://flavory.wine/shop/witte-wijnspel-chardonnay-vs-sauvignon-blanc-premium-editie/,0,72,0%,8.85
https://flavory.wine/de/shop/merlot-oder-cabernet-sauvignon-copy/,0,69,0%,23.72
https://flavory.wine/de/shop/merlot-oder-cabernet-sauvignon-kopie/,0,55,0%,17.15
https://flavory.wine/blog/waarom-smaakt-elke-wijn-anders/,0,50,0%,5.86
https://flavory.wine/blog/blind-wijn-proeven/,0,42,0%,7.67
https://flavory.wine/blog/welke-wijn-moet-je-altijd-in-huis-hebben-ontdek-de-beste-keuzes-voor-elke-gelegenheid/,0,39,0%,11.23
https://flavory.wine/shop/flavory-business-pack-5-wijnboxen-aan-20-korting-excl-btw/,0,38,0%,2.61
https://flavory.wine/shop/rode-wijnspel-merlot-vs-cabernet-sauvignon-premium-editie/,0,37,0%,19.14
https://flavory.wine/5-redenen-waarom-flavorys-wine-tasting-het-leukste-kerstcadeau-van-2024-is/,0,30,0%,6.93
https://flavory.wine/blog/verdwaald-in-de-wijnrayon/,0,30,0%,18.03
https://flavory.wine/de/shop/chardonnay-of-sauvignon-blanc-premium/?force_switch=1,0,22,0%,25.55
https://flavory.wine/de/shop/productcategorie/rotwein/,0,22,0%,27.14
https://flavory.wine/de/shop/italien-oder-spanien-kopie/,0,21,0%,9.29
https://flavory.wine/eindejaars-en-relatiegeschenken/,0,21,0%,35.71
https://flavory.wine/blog/slow-wine-moederdag-het-verhaal-achter-de-slak/,0,19,0%,8.89
https://flavory.wine/5-redenen-waarom-flavorys-wine-tasting-het-leukste-kerstcadeau-van-2025-is/,0,18,0%,42.39
https://flavory.wine/de/das-sagt-dein-weinhoroskop-fur-den-valentinstag-voraus/,0,15,0%,35.87
https://flavory.wine/5-redenen-waarom-flavorys-wine-tasting-het-leukste-kerstcadeau-van-2025-is-w2/,0,14,0%,9.86
https://flavory.wine/5-redenen-waarom-flavorys-wine-tasting-het-leukste-kerstcadeau-van-2025-is-2/,0,14,0%,25.29
https://flavory.wine/flavory-gameplay/,0,13,0%,7.46
https://flavory.wine/blog/de-ene-rose-is-de-andere-niet/?nocache=1,0,13,0%,8.69
https://flavory.wine/de/shop/productcategorie/weiswein/,0,12,0%,6.17
https://flavory.wine/de/shop/chardonnay-oder-sauvignon-blanc-kopie-kopie/,0,10,0%,8.6
https://flavory.wine/de/abonnieren-und-gewinnen/,0,8,0%,7.88
https://flavory.wine/de/shop/merlot-oder-cabernet-sauvignon-copy-kopie/,0,8,0%,8.5
https://flavory.wine/de/shop/chardonnay-of-sauvignon-blanc-premium/,0,8,0%,14.75
https://flavory.wine/blog/het-prille-begin-van-flavory-anno-2017/,0,6,0%,6.17
https://flavory.wine/de/?store=winkel-3,0,6,0%,7.5
https://flavory.wine/?store=winkel-3,0,6,0%,19.5
https://flavory.wine/en/blog/,0,5,0%,6
https://flavory.wine/home-3/,0,5,0%,22
https://flavory.wine/nog-niet-gespeeld/,0,3,0%,3.67
https://flavory.wine/en/shop/merlot-of-cabernet-sauvignon/?nocache=1767094995,0,3,0%,4
https://flavory.wine/de/shop/cava-oder-prosecco-kopie/,0,3,0%,4.67
https://flavory.wine/blog/op-zoek-naar-het-leukste-kerstcadeau-van-2025-ontdek-waarom-de-flavory-wijnproeverij-het-perfecte-geschenk-is/,0,3,0%,10.67
https://flavory.wine/?store=wijnhuis-bollaert,0,3,0%,13.33
https://flavory.wine/de/?store=wijnhuis-bollaert,0,3,0%,13.67
https://flavory.wine/de/shop/merlot-oder-cabernet-sauvignon-premium-edition-kopie/,0,3,0%,35
https://flavory.wine/de/kontakt/,0,2,0%,1.5
https://flavory.wine/?reviews=karolien,0,2,0%,5
https://flavory.wine/de/?store=huis-manendonckx,0,2,0%,5.5
https://flavory.wine/de/?store=winkel-2,0,2,0%,10
https://flavory.wine/?store=huis-manendonckx,0,2,0%,15
https://flavory.wine/het-was-een-cadeau/,0,1,0%,1
https://flavory.wine/shop/productcategorie/bundels/,0,1,0%,4
https://flavory.wine/de/shop/merlot-oder-cabernet-sauvignon-copy-copy-kopie-2/,0,1,0%,9
https://flavory.wine/?taxonomy=product_shipping_class&term=zonder-wijn,0,1,0%,11
https://flavory.wine/de/shop/merlot-oder-cabernet-sauvignon-premium-edition/?nocache=1,0,1,0%,11
https://flavory.wine/wp-content/uploads/2026/02/Afbeelding-vriendenweekend-1024x765.webp,0,1,0%,35