Meest uitgevoerde zoekopdrachten,Aantal klikken,Vertoningen,CTR,Positie
flavory,1497,5640,26.54%,6.02
flavory wijnspel,644,1182,54.48%,1.23
flavory wine,588,870,67.59%,1.17
wijnspel,178,1519,11.72%,2.53
wijn spel,95,704,13.49%,1.99
flavory wine review,71,150,47.33%,1.43
flavoury,60,344,17.44%,2.42
flavory box,35,56,62.5%,2.39
flavory spel,25,50,50%,1
wijnproeverij spel thuis,22,101,21.78%,1.45
flavory kortingscode,22,80,27.5%,1.09
wijnproeverij spel,21,106,19.81%,1.12
wijnspel flavory,16,36,44.44%,1
flavory wine spel,12,19,63.16%,1
wijn proef spel,11,61,18.03%,1.33
flavorly,10,19,52.63%,1.79
wijnspel bordspel,9,138,6.52%,4.83
flavory wine tasting,9,22,40.91%,1
flavory wijn,9,15,60%,1
spel wijn proeven,8,36,22.22%,1.22
wijnproefspel,7,80,8.75%,2.98
flavery,7,21,33.33%,1
wijn spelletjes,6,85,7.06%,2.89
wine tasting box,6,32,18.75%,5
wijnbox proeverij,5,90,5.56%,7.7
flavoury wine,5,13,38.46%,1
wijnproeverij box,4,209,1.91%,20.97
cava proeverij,4,52,7.69%,9.13
blind wijn proeven,4,37,10.81%,8.24
flavor wine,4,16,25%,6.69
flacory,4,10,40%,3.8
wijn tasting box,3,147,2.04%,6.71
wine game,3,61,4.92%,16.23
wijnkiezer,3,27,11.11%,4.41
my flavory,3,4,75%,1.75
wijnproeverij thuis pakket,2,240,0.83%,28.8
origineel wijncadeau,2,158,1.27%,12.73
wine tasting thuis,2,44,4.55%,11.32
wijnproef pakket,2,14,14.29%,8
falvory,2,5,40%,4.4
wine tasting game kit,2,2,100%,4
wijnproeverij pakket,1,508,0.2%,32.14
wijncadeau,1,333,0.3%,18.67
chardonnay of sauvignon,1,283,0.35%,8.9
cava prosecco,1,239,0.42%,11.62
chardonnay oder sauvignon blanc,1,229,0.44%,15.02
sauvignon blanc oder chardonnay,1,144,0.69%,10.94
natuurwijn,1,121,0.83%,11.96
cava of prosecco,1,102,0.98%,9.01
origineel wijn cadeau,1,82,1.22%,9.8
wijnproeverij thuis,1,73,1.37%,30.15
flavorite wine,1,61,1.64%,12.02
wijn bordspel,1,50,2%,6.98
sauvignon blanc vs chardonnay,1,33,3.03%,20.33
luxe wijnpakket cadeau,1,31,3.23%,6.58
wine tasting pakket,1,26,3.85%,6.12
flavory.com,1,25,4%,4.36
flavored wine,1,19,5.26%,4.68
wijn proeverij box,1,17,5.88%,24.71
wijnproefbox,1,14,7.14%,3.5
wijnproefboek,1,11,9.09%,3
wijnproeverij cadeau thuis,1,11,9.09%,12.82
wijn geschenk,1,11,9.09%,24.64
flavour wine,1,10,10%,3.2
the flavory,1,9,11.11%,2.44
wijnboxen,1,7,14.29%,7.14
flavry,1,6,16.67%,2.83
wijn tasting thuis,1,5,20%,12.2
wijn proeverij spel,1,4,25%,1
prosecco kava,1,4,25%,9
wijnpakket proeverij,1,4,25%,26.75
wijncursus aan huis,1,3,33.33%,8.67
winetasting,1,2,50%,3
heb je nog meer ideeen,1,1,100%,2
wine boardgame,1,1,100%,3
spaanse wijn kopen,1,1,100%,98
rode wijn proeverij,0,758,0%,62.87
online wijnproeverij,0,525,0%,62.98
wijn proeven,0,411,0%,37.86
welcher wein,0,400,0%,42.84
wijnproeverij online,0,311,0%,47.43
cadeau voor wijnkenner,0,286,0%,14.43
spelelement in supermarkt voor klanten,0,274,0%,73.34
wijn proeverij pakket,0,273,0%,30.51
merlot sauvignon,0,268,0%,57.47
wijngeschenk,0,262,0%,47.48
verschil merlot cabernet sauvignon,0,239,0%,21.6
rode wijn merlot,0,207,0%,22.28
online wijn proeverij,0,193,0%,54.12
verschil merlot en cabernet sauvignon,0,190,0%,10.06
sauvignon merlot,0,173,0%,64.47
bubbels kopen,0,171,0%,48.37
rode merlot wijn,0,170,0%,29.34
merlot vs cabernet sauvignon,0,167,0%,10.21
sauvignon of chardonnay,0,164,0%,9.06
wijnproeverij thuis online,0,159,0%,62.72
wijn escape room,0,159,0%,83.05
wijnproeven thuis,0,158,0%,57.34
proefplank wijn,0,156,0%,21.52
luxe wijnpakket,0,150,0%,48.14
online wijnproeverij met hapjes,0,143,0%,75.65
sauvignon blanc of chardonnay,0,138,0%,10.02
verschil merlot en cabernet,0,136,0%,26.66
unterschied sauvignon blanc und chardonnay,0,135,0%,11.21
chardonnay sauvignon blanc unterschied,0,133,0%,15.05
prosecco cava,0,129,0%,11
witte wijn proeverij,0,124,0%,56.24
merlot of cabernet sauvignon,0,116,0%,7.26
bubbels,0,111,0%,41.06
merlot rode wijn,0,106,0%,22.19
unterschied chardonnay sauvignon blanc,0,101,0%,11.99
merlot cabernet sauvignon,0,97,0%,47.96
online proeverij wijn,0,97,0%,61.23
bijblijft,0,94,0%,12.01
leuk wijn cadeau,0,93,0%,50.22
cabernet sauvignon vs merlot,0,88,0%,12.11
unterschied chardonnay und sauvignon blanc,0,84,0%,11.54
wijn cadeau doen,0,84,0%,71.05
chardonnay vs sauvignon blanc,0,79,0%,23.61
wein tasting online,0,79,0%,64.28
wijnproeverij cadeau geven,0,75,0%,56.96
prosecco of cava,0,74,0%,9.36
wijntje proeven,0,71,0%,44.61
flavour,0,71,0%,64.25
origineel cadeau wijnliefhebber,0,71,0%,72.48
cabernet sauvignon merlot,0,68,0%,80.13
unterschied sauvignon und chardonnay,0,66,0%,11.17
wie wähle ich eine zuverlässige weinauswahl für einladungen?,0,65,0%,7.98
merlot vs cabernet sauvignon verschil,0,62,0%,11.24
wijn proefpakket,0,59,0%,47.69
natuurwijn kopen,0,58,0%,10.66
welke wijn,0,57,0%,40.98
unterschied zwischen chardonnay und sauvignon blanc,0,56,0%,11.5
happy tasting,0,55,0%,7.69
verschil chardonnay en sauvignon,0,54,0%,10.7
wijn escape room thuis,0,54,0%,30.98
bubbelspel,0,53,0%,9.09
winkel degustatie,0,53,0%,60.13
tasting boxen,0,52,0%,9.96
merlot oder cabernet sauvignon,0,51,0%,13.04
wijn leren proeven,0,49,0%,18.31
wijnproeverij cadeau,0,47,0%,36.04
wijn cadeau,0,46,0%,20.74
merlot & cabernet sauvignon,0,44,0%,22.05
verschil chardonnay en sauvignon blanc,0,43,0%,9.7
chardonnay sauvignon,0,43,0%,15.44
wijn tasting pakket,0,41,0%,12.22
weinsorten,0,41,0%,44.56
wijnspel kopen,0,40,0%,1.77
wijn proeverij online,0,40,0%,59
taste 4 wine,0,39,0%,29.26
blind proeven wijn,0,39,0%,37.74
bubbels proeverij,0,39,0%,60.18
verschil merlot cabernet,0,38,0%,10.47
chardonnay sauvignon blanc,0,38,0%,20.95
verschil tussen merlot en cabernet sauvignon,0,36,0%,10.19
cabernet merlot,0,36,0%,76.72
rode wijn kerst,0,36,0%,87.44
flavoured wine,0,35,0%,11
seiz+seize wijn,0,35,0%,16.71
merlot,0,35,0%,27.17
proef en ruik spel,0,35,0%,39.37
wine mystery box,0,35,0%,64.91
welke wijn smaakt duurder dan hij kost?,0,34,0%,5
unterschied cava und prosecco,0,34,0%,9.32
wijn kelder,0,33,0%,102.03
wijnproefspel voor 2 personen,0,32,0%,1.16
wijn tasting spel,0,32,0%,2.69
cava vs prosecco,0,32,0%,10.84
wijn proeven cadeau,0,32,0%,20.44
wijnspel met vrienden,0,31,0%,2.9
wijnspel voor volwassenen,0,30,0%,8.87
unterschied merlot und cabernet sauvignon,0,30,0%,10.67
flavourite wine,0,30,0%,24.8
wijnproeverij bestellen,0,30,0%,34.3
welke wijn past bij mij,0,30,0%,76.53
spel met wijn voor avond met vrienden,0,29,0%,5.93
is merlot rode wijn,0,29,0%,11.62
luxe wijnpakketten,0,29,0%,58.1
wine shooters,0,28,0%,8.86
wijnproeverij formulier,0,28,0%,48.29
wijnspel cadeau,0,27,0%,1.3
wijnproefspel voor 6 personen,0,27,0%,1.7
chardonnay of sauvignon blanc verschil,0,27,0%,10.07
chardonnay oder sauvignon,0,27,0%,10.52
verschil sauvignon blanc en chardonnay,0,26,0%,9.35
sauvignon vs chardonnay,0,26,0%,11.19
wijnen spel,0,25,0%,1.04
wijn degustatie box,0,25,0%,4.6
merlot of cabernet,0,25,0%,13
wijnproef cadeau,0,25,0%,14.44
premium wijnpakket cadeau,0,25,0%,21.88
wein zu hause,0,25,0%,30.24
wijnproeverij doos,0,24,0%,9.33
bijblijft of bij blijft,0,24,0%,12.88
verschil sauvignon en chardonnay,0,24,0%,14.04
vriendenweekend spel,0,24,0%,24.12
thuis wijnproeverij,0,24,0%,48.92
flavory reviews,0,23,0%,4.52
chardonnay of sauvignon blanc,0,23,0%,8.74
merlot vs cabernet,0,23,0%,10.22
merlot cabernet,0,23,0%,69.39
weinauswahl,0,23,0%,77.39
wijnproefspel voor 4 personen,0,22,0%,2.45
welke betaalbare wijn smaakt als een duurdere wijn?,0,22,0%,5.45
sauvignon blanc chardonnay unterschied,0,22,0%,11.73
wijndegustatie cadeau,0,22,0%,14.14
wijntip,0,21,0%,6.33
origineler,0,21,0%,9.9
proefformulier wijn,0,21,0%,49
wijn advies,0,21,0%,74.67
flauvory,0,20,0%,4.9
bij welk,0,20,0%,8.4
sauvignon blanc,0,20,0%,11.25
sauvignon chardonnay,0,20,0%,16.65
wijn proeverij thuis,0,20,0%,33.9
hoe werkt blind proeven wijn,0,20,0%,44.2
rode wijnpakket cadeau,0,20,0%,44.75
witte wijn chardonnay of sauvignon,0,19,0%,12.26
sauvignon blanc chardonnay,0,19,0%,16.47
rodebox,0,19,0%,19.26
merlot wijn,0,19,0%,52.68
sauvignon oder chardonnay,0,18,0%,9.61
hoe organiseer je een wijnproeverij thuis,0,18,0%,52.33
spaanse witte wijn wijn uit sicilië,0,18,0%,59.11
bubbels bestellen,0,18,0%,68.5
taste for wine,0,18,0%,75.89
flavorful wine,0,17,0%,3.47
black friday kerstcadeau,0,17,0%,5.82
black friday kerstcadeaus,0,17,0%,7.18
italiaanse cava,0,17,0%,9.18
wijnproeverij voor thuis,0,17,0%,19.76
welke wijn waarbij,0,17,0%,63.29
cava box,0,16,0%,5
cabernet vs merlot,0,16,0%,11.62
exclusief wijnpakket cadeau,0,16,0%,38.62
wijnproeverij thuis stappenplan,0,16,0%,58.94
proef box,0,16,0%,92.12
merlot vs sauvignon,0,15,0%,13.6
tips wijn avond met vrienden,0,15,0%,46.27
chardonnay or sauvignon blanc,0,14,0%,11.71
italië vs,0,14,0%,12.71
wijnkelder thuis,0,14,0%,14.71
chardonnay vs sauvignon,0,14,0%,18
italienisch spanischer wein,0,14,0%,26.14
cadeaubon wijnproeverij,0,14,0%,39.93
wijn proeverij cadeau,0,14,0%,53.71
winechecker werden,0,14,0%,67.07
site:.wine,0,13,0%,5.62
bokser bubbels,0,13,0%,6.62
wat is flavour,0,13,0%,9.92
wijnclub,0,13,0%,11.38
wat is duurder cava of prosecco,0,13,0%,13.85
game wine,0,13,0%,16.38
wijn degustatie,0,13,0%,19.69
merlot kopen,0,13,0%,22.31
exclusief wijnpakket,0,13,0%,37
win flavors,0,13,0%,57.46
welke wijn maakt indruk zonder extreem duur te zijn?,0,12,0%,6.75
witte wijn om mee te koken,0,12,0%,9.58
wijnproeverij set,0,12,0%,36.17
wine mysterybox,0,12,0%,52.58
ist merlot ein guter wein,0,12,0%,67.75
wine tasting game,0,12,0%,70.42
rose proeven,0,12,0%,89.67
blind proeven spel volwassenen,0,11,0%,5.55
flavoury food,0,11,0%,5.64
verschil cabernet sauvignon en merlot,0,11,0%,10.82
cabernet sauvignon of merlot,0,11,0%,11.18
wijnproeverij kopen,0,11,0%,12.18
droge witte wijn chardonnay of sauvignon,0,11,0%,34.18
merlot sauvignon cabernet,0,11,0%,40.55
exclusieve wijnpakketten,0,11,0%,82.64
wijnproeverij cadeaubon,0,11,0%,83.27
merlot rebsorte,0,11,0%,90.09
blanc wit,0,10,0%,5.6
rode wijn merlot of sauvignon,0,10,0%,5.9
weiswein,0,10,0%,7.2
chardonnay rood of wit,0,10,0%,8
wine blanc,0,10,0%,10
verschil merlot en sauvignon,0,10,0%,11.2
unterschied merlot cabernet sauvignon,0,10,0%,11.9
zuverlässige weinauswahl für gäste einladung tipps,0,10,0%,12
wineries near me,0,10,0%,12.5
dezelfde wijn andere zakken,0,10,0%,12.8
merlot or cabernet,0,10,0%,17.9
premium wijnpakket,0,10,0%,26.7
wijnproeverij organiseren met vrienden,0,10,0%,28.7
vriendenweekend spellen,0,10,0%,34.3
wijn tasting,0,10,0%,37.6
cabernet sauvignon and merlot,0,10,0%,40.9
smaakwiel wijn,0,10,0%,43
wijnbeleving thuis,0,10,0%,58.2
sauvignon cabernet merlot,0,10,0%,61.7
rebsorte merlot,0,10,0%,92.3
flavony,0,9,0%,2.78
wit blanc,0,9,0%,8.56
wijnpakket voor speciale gelegenheid,0,9,0%,8.89
wine tasting cadeau,0,9,0%,9
weinsammlung für anfänger,0,9,0%,10.11
prosecco vs cava,0,9,0%,10.56
wat is het verschil tussen merlot en cabernet sauvignon,0,9,0%,10.78
welke wijn bij welk gerecht,0,9,0%,14.22
spel vriendenweekend,0,9,0%,16.44
flavourite,0,9,0%,36.89
premium wijnpakketten,0,9,0%,49.67
italiaanse merlot,0,9,0%,58.78
blind tasting wijn,0,9,0%,66.11
"""3"",""de"",""comparison"",""klassischer oder automatischer 
weinkeller"",""comparison guide"",""no""",0,8,0%,8
unterschied chardonnay und sauvignon,0,8,0%,11.62
prosecco proeverij,0,8,0%,12
authentieke smaak,0,8,0%,35.75
wijnproeverij,0,8,0%,44.5
flavor game,0,7,0%,4.14
flavas bier,0,7,0%,7.14
is cava en prosecco hetzelfde,0,7,0%,9.43
cabernet sauvignon oder merlot,0,7,0%,10
proefdoos wijn,0,7,0%,28.86
wijn proeverij voor thuis,0,7,0%,30.14
teurer prosecco,0,7,0%,55
weinkeller zu hause,0,7,0%,64.57
wijncadeau kopen,0,7,0%,68.29
wine games,0,7,0%,82.86
verschil cava prosecco uitleg,0,7,0%,86.86
flavoury streaming,0,6,0%,2.33
flurry wine,0,6,0%,2.67
taste the fun,0,6,0%,4.67
vin spel,0,6,0%,5.5
flavory app,0,6,0%,7.5
bubbelbox,0,6,0%,8.67
wijnen kaartspel,0,6,0%,8.67
wat voor wijn is dit,0,6,0%,9
wat is natuurwijn,0,6,0%,9.5
wijn gerelateerde cadeaus,0,6,0%,11.33
cava*,0,6,0%,11.5
merlot vs cabernet merlot,0,6,0%,17.17
kaas en wijn spel,0,6,0%,34.83
rode wijnproeverij,0,6,0%,36.17
flavior,0,6,0%,39.17
wijnpakket kopen,0,6,0%,42
wijn aromawiel,0,6,0%,46.5
lokaal spel albert heijn,0,6,0%,48.17
wijnabonnement cadeau geven,0,6,0%,54.17
cabernet sauvignon & merlot,0,6,0%,60
spiel wine,0,6,0%,62.17
wijndisplay,0,6,0%,64.33
welke wijn bij rollade,0,6,0%,68.33
beste rode wijn voor de feestdagen,0,6,0%,72.67
wijn en bubbels kopen,0,6,0%,73
wijnliefhebber,0,6,0%,76.83
savory wine,0,5,0%,3
welke wijn bij,0,5,0%,8.6
wijnproeverij pakket thuis,0,5,0%,8.6
chardonnay blanc,0,5,0%,8.8
cava proseco,0,5,0%,9.4
tasting box,0,5,0%,9.8
welke wijn bij eten,0,5,0%,10.4
sauvignon vs merlot,0,5,0%,10.8
wie kann ich weine für anlässe auswählen?,0,5,0%,10.8
mooie wijnflessen,0,5,0%,11.2
unterschied cabernet sauvignon und merlot,0,5,0%,11.2
cava vs,0,5,0%,12
wijnparels kopen,0,5,0%,12.2
wijnproeverij aan huis,0,5,0%,17.4
wat te doen op vriendenweekend,0,5,0%,17.6
sauvignon blanc and chardonnay,0,5,0%,19.6
merlot wijn rood,0,5,0%,23.4
cabernet or merlot,0,5,0%,26
sceptischer,0,5,0%,26.8
wijn als cadeau,0,5,0%,26.8
origineel cadeau voor wijnavond,0,5,0%,29.8
wijnproeverij thuispakket,0,5,0%,41.6
wijn en bubbels,0,5,0%,45.4
teurer spanischer wein,0,5,0%,45.8
gratis bubbelspel,0,5,0%,47
proefnotitie wijn,0,5,0%,48.8
weinspiel,0,5,0%,53.2
proeven,0,5,0%,53.6
welke wijn is lekker,0,5,0%,59.2
merlot cabernet wine,0,5,0%,61.4
proeven wijn,0,5,0%,71.4
goede fles wijn,0,5,0%,72
flavor wheel wine,0,5,0%,72.4
welke wijn bij gourmet,0,5,0%,74.8
flavoy,0,4,0%,1.5
flawory,0,4,0%,2
flavoury.com,0,4,0%,2.75
flawoury,0,4,0%,2.75
tasting,0,4,0%,3.75
flavorie,0,4,0%,4.5
flavoury app,0,4,0%,4.75
cava en prosecco,0,4,0%,6.25
flavor box,0,4,0%,6.75
proseco cava,0,4,0%,6.75
welche weine,0,4,0%,7
savoury wine,0,4,0%,7.5
cava or prosecco,0,4,0%,8.5
chardonnay wit of rood,0,4,0%,8.5
chardonnay,0,4,0%,9.25
merlot ou cabernet,0,4,0%,10
wijnproeverij pakket gall en gall,0,4,0%,10
merlot of sauvignon,0,4,0%,10.75
flavoured wines,0,4,0%,11.25
cava,0,4,0%,11.5
copycat wijn,0,4,0%,11.5
bongo wijnproeverij,0,4,0%,12.5
wat voor wijn is dit?,0,4,0%,15
chardonnay or sauv blanc,0,4,0%,17.5
dranken hinderdael,0,4,0%,18.75
cabernet sauvignon or merlot,0,4,0%,19.75
rode wijn proeverij pakket,0,4,0%,26.5
verschil cava en prosecco,0,4,0%,27
merlot or cabernet sauvignon,0,4,0%,27.75
wijn proefdoos,0,4,0%,27.75
wijn proeven thuis,0,4,0%,29
sauvignon blanc plus,0,4,0%,29.25
win een,0,4,0%,29.5
wijnkelder advies,0,4,0%,30
relatiegeschenk wijnpakket,0,4,0%,30.75
bollaert merelbeke,0,4,0%,31.25
wijn kan,0,4,0%,31.25
verschil tussen chardonnay en sauvignon,0,4,0%,31.5
alcohol vrije wijn,0,4,0%,33.25
www.wijnbeurs.be,0,4,0%,37.5
wijnproeverij kado,0,4,0%,38
flavoria,0,4,0%,42.25
wijnproeverij pakket kleine flesjes,0,4,0%,42.25
wijn proever,0,4,0%,50.75
huiswijn,0,4,0%,52
spanischer prosecco,0,4,0%,52.25
aromawiel,0,4,0%,53.75
proefnotities wijn,0,4,0%,56.75
witte wijn kerst,0,4,0%,60.75
luxe wijn cadeau,0,4,0%,63
wijnproeven,0,4,0%,70.25
wat is een goede wijn,0,4,0%,74.5
exclusieve wijn cadeau,0,4,0%,76.75
wijn proeven formulier,0,4,0%,77.5
cadeau wijnliefhebber origineel,0,4,0%,78.25
merlot rebsorte information,0,4,0%,78.25
rebsorte merlot information,0,4,0%,78.5
winery games,0,4,0%,81
favlour,0,4,0%,82
wijn box,0,4,0%,85.5
spel 1000 km,0,4,0%,87.25
flavourly,0,4,0%,88
2 wine,0,4,0%,89
wijnpakket wit,0,4,0%,93
bubbels bokser,0,3,0%,1
flacor,0,3,0%,1
falvoury,0,3,0%,1.33
wijnproef spel,0,3,0%,1.33
wijnproeverij cadeau doen,0,3,0%,1.67
yourfavouritefilipina,0,3,0%,1.67
wijn copycat,0,3,0%,2
flavore,0,3,0%,3
flavored wines,0,3,0%,3.67
wine tasting in a box,0,3,0%,3.67
merlot versus cabernet sauvignon,0,3,0%,6
is chardonnay sauvignon blanc,0,3,0%,6.33
flavourshot vanille,0,3,0%,6.67
wijnproeverij thuis 2 personen,0,3,0%,7
blind tasting,0,3,0%,7.33
wat is een veilige wijn voor gasten?,0,3,0%,7.33
is cava prosecco,0,3,0%,8.33
prosecco or cava,0,3,0%,8.33
sauvignon blanc or chardonnay,0,3,0%,8.33
welke wijnen,0,3,0%,8.33
welke win,0,3,0%,9
"welke franse wijn is ideaal voor een wijnkelder die ik kan bewaren voor 
toekomstige generaties?",0,3,0%,9.67
wine night,0,3,0%,9.67
prosecco versus cava,0,3,0%,10
bongo bon wijnproeverij,0,3,0%,10.67
budget relatiegeschenken,0,3,0%,11.33
frie de wijn,0,3,0%,12
chardonnay versus sauvignon blanc,0,3,0%,12.33
"3 , de , comparison , klassischer oder automatischer weinkeller , 
comparison guide , no",0,3,0%,13.33
quiz vriendenweekend,0,3,0%,13.67
weinkeller,0,3,0%,13.67
dure,0,3,0%,14
wijn proefpakket thuis,0,3,0%,20.33
welcher wein passt zu mir als einsteiger,0,3,0%,23.33
flavorybox,0,3,0%,31.33
origineel kerstcadeau wijn,0,3,0%,31.67
teurer italienischer rotwein,0,3,0%,33.33
wijn geurdoos,0,3,0%,36
welke wijn is dit,0,3,0%,36.67
spellen vriendenweekend,0,3,0%,38
game manufacturers,0,3,0%,41
wijn proefformulier,0,3,0%,42
wijn aroma wiel,0,3,0%,44.33
y sommelier,0,3,0%,46.67
flavoue,0,3,0%,52.67
proefnotities,0,3,0%,54
clothing store,0,3,0%,54.33
wine taste,0,3,0%,58.67
flavely,0,3,0%,60
world of wines,0,3,0%,60.33
wijn bij rollade,0,3,0%,62
proefbox wijn,0,3,0%,62.33
wine and die,0,3,0%,62.33
wijnduivel,0,3,0%,67.33
provecco,0,3,0%,67.67
wijn tasting tips,0,3,0%,75.67
wat is goede wijn,0,3,0%,81.33
sauvignon blanc weißburgunder unterschied,0,3,0%,84
geschmack merlot,0,3,0%,86
relatiegeschenk eindejaar,0,3,0%,86.67
cadeaus wijnliefhebber,0,3,0%,87.33
wijnproeverij hapjes,0,3,0%,88
hoe leer je wijn proeven,0,3,0%,89
relatiegeschenken eindejaarsgeschenken,0,3,0%,90
wijnproeverij thuis 6 personen,0,3,0%,94.67
win,0,3,0%,110
flavor,0,2,0%,1
flavorine,0,2,0%,1.5
flavor play,0,2,0%,2
flavoury com,0,2,0%,2
rode italiaanse wijn,0,2,0%,2
flavor foley shop,0,2,0%,3
winetasting set,0,2,0%,3
flavorific,0,2,0%,3.5
wine taste box,0,2,0%,4
chardonnay wine tasting,0,2,0%,5
snobbisme,0,2,0%,5
wein game,0,2,0%,5
welche weine sollte man im keller haben?,0,2,0%,5
cava taste,0,2,0%,5.5
prosecco/cava,0,2,0%,6
welke moet ik hebben,0,2,0%,6
winespor,0,2,0%,6
flavoury premium,0,2,0%,6.5
populaire wijnselecties voor dineren thuis,0,2,0%,6.5
cava frizzante,0,2,0%,7
prosseco cava,0,2,0%,7.5
kleine flesjes wijn,0,2,0%,8
lekkere merlot,0,2,0%,8
süffiger wein,0,2,0%,8
wijn bij,0,2,0%,8
fun taste,0,2,0%,8.5
winexperience,0,2,0%,8.5
chardonnay v sauvignon blanc,0,2,0%,9.5
ingrid box,0,2,0%,10
is it wie wähle ich eine zuverlässige weinauswahl für einladungen?,0,2,0%,10
merlot vs sauvignon cabernet,0,2,0%,10
welke moet ik dan hebben,0,2,0%,10
welke moet ik kopen,0,2,0%,10
wijnproever,0,2,0%,10
wine shooter,0,2,0%,10
flavoury b.v. netherlands,0,2,0%,10.5
zin rotwein,0,2,0%,10.5
chardonnay ou sauvignon blanc,0,2,0%,11
dag van de merlot,0,2,0%,11
date night betekenis,0,2,0%,11
chardonnay en sauvignon blanc verschil,0,2,0%,11.5
oudste wijnland ter wereld,0,2,0%,11.5
weinsorten weißwein,0,2,0%,12
culinair vriendenweekend,0,2,0%,12.5
flavory meaning,0,2,0%,13
wine toys,0,2,0%,13
wine giveaway,0,2,0%,15
merlot merlot,0,2,0%,16
premium wijn cadeau,0,2,0%,16
kerstcadeau wijn,0,2,0%,19
weinsorten spanien,0,2,0%,19
dure wijn,0,2,0%,20
wijn pasen,0,2,0%,21.5
marketinggewijs,0,2,0%,23
cava 1 + 1 gratis,0,2,0%,26.5
studio boiler,0,2,0%,28
wijnhuis bollaert,0,2,0%,29.5
winery game,0,2,0%,32.5
kelderrestanten en verzameldozen,0,2,0%,36.5
wijnproef formulier,0,2,0%,39
goeie fles wijn,0,2,0%,39.5
hinderdael,0,2,0%,40.5
rode wijnpakket,0,2,0%,44.5
aroma wiel wijn,0,2,0%,45
entrepotduvin wijnen,0,2,0%,45
wine store game,0,2,0%,49
bezorgen wijnpakket,0,2,0%,49.5
games for wine,0,2,0%,50.5
welke wijn voor sabayon,0,2,0%,50.5
witte wijnpakket cadeau,0,2,0%,51
cadeaubox wijn,0,2,0%,52.5
wijn bubbels,0,2,0%,52.5
wijn proef pakket,0,2,0%,53
proefformulier wijnproeverij formulier,0,2,0%,56.5
proefpakket wijn,0,2,0%,57
proefdoos,0,2,0%,57.5
hoeveel glazen uit fles cava,0,2,0%,60
vinspelet,0,2,0%,61
proefnotitie,0,2,0%,63.5
welke rode wijn kopen,0,2,0%,63.5
taste of win,0,2,0%,64
welke wijn vind ik lekker,0,2,0%,64
tasting world,0,2,0%,65
tannines,0,2,0%,68
wein spiel,0,2,0%,68
welke wijn bij paling,0,2,0%,68
geurset wijn,0,2,0%,69
experience wine,0,2,0%,72
wein spiele,0,2,0%,72.5
escape room wijn,0,2,0%,73.5
sauvignon merlot cabernet,0,2,0%,75
cabernet sauvignon kopen,0,2,0%,76.5
italiaanse wijn met bubbels,0,2,0%,77
kratje wijn,0,2,0%,78
wijn bij truffel,0,2,0%,81
leren wijn proeven,0,2,0%,83.5
wijnkennis voor beginners,0,2,0%,84
inhoud fles wijn,0,2,0%,92.5
bubbel,0,2,0%,93.5
rode wijn proefpakket,0,2,0%,97
was ist merlot,0,2,0%,98.5
anders,0,1,0%,1
blind date,0,1,0%,1
blind tasting wine,0,1,0%,1
flaovie,0,1,0%,1
flaverly,0,1,0%,1
flavory menu,0,1,0%,1
home tasting,0,1,0%,1
oprichter,0,1,0%,1
prosecco box,0,1,0%,1
sauvignin blanc,0,1,0%,1
wijnkenner word je zo,0,1,0%,1
wijnproeverij scorekaart,0,1,0%,1
wijntasting,0,1,0%,1
beste italiaanse wijnen,0,1,0%,2
email addres,0,1,0%,2
flavor games,0,1,0%,2
flavor tasting,0,1,0%,2
flavorgasted,0,1,0%,2
italiaanse wijn rood,0,1,0%,2
italiaanse wijnen rood,0,1,0%,2
plavory,0,1,0%,2
toscaanse wijn,0,1,0%,2
vendemmia wine,0,1,0%,2
welke moet je dan hebben,0,1,0%,2
wijn,0,1,0%,2
wine gaming,0,1,0%,2
wine tasting,0,1,0%,2
cabernet sauvignon gerard bertrand,0,1,0%,3
cava in plastic fles,0,1,0%,3
copy wine,0,1,0%,3
favoyuer,0,1,0%,3
flavas wijn,0,1,0%,3
flavour wise,0,1,0%,3
flayvor,0,1,0%,3
rode merlot,0,1,0%,3
rode wijn pakket,0,1,0%,3
tinto de verona,0,1,0%,3
blanc taste,0,1,0%,4
entrecote wein kaufland,0,1,0%,4
flav-337,0,1,0%,4
flavor way,0,1,0%,4
flavour game,0,1,0%,4
forever wine,0,1,0%,4
hoe werkt dit spel,0,1,0%,4
in brabant,0,1,0%,4
in de buurt van tilburg,0,1,0%,4
jenever flavours,0,1,0%,4
merlot und cabernet sauvignon,0,1,0%,4
michel maury merlot,0,1,0%,4
shop2,0,1,0%,4
unieke wijnen,0,1,0%,4
vin game,0,1,0%,4
what wine should i drink quiz,0,1,0%,4
which is better merlot or cabernet sauvignon,0,1,0%,4
cava tasting,0,1,0%,5
chardonnay y sauvignon blanc,0,1,0%,5
flaever,0,1,0%,5
flavort,0,1,0%,5
fleavor,0,1,0%,5
game box wine,0,1,0%,5
het dorpje,0,1,0%,5
manendonckx,0,1,0%,5
savignon blanc,0,1,0%,5
tastethefun,0,1,0%,5
vertel,0,1,0%,5
welke heb ik nodig,0,1,0%,5
winegame,0,1,0%,5
cava win,0,1,0%,6
fancy wine game,0,1,0%,6
prosecco combi,0,1,0%,6
rode vs,0,1,0%,6
sauvignon et chardonnay,0,1,0%,6
sterrenbeeld 21 mei,0,1,0%,6
vine spel,0,1,0%,6
wijn herkennen,0,1,0%,6
wijnpuzzel,0,1,0%,6
bubbel spel,0,1,0%,7
cava spritz,0,1,0%,7
flavas bier review,0,1,0%,7
flavrdble@chh,0,1,0%,7
ich will nicht viel ausgeben – welchen wein kann ich bedenkenlos kaufen?,0,1,0%,7
merlot flavor,0,1,0%,7
play flavor,0,1,0%,7
prosecco vs,0,1,0%,7
sauvignon o chardonnay,0,1,0%,7
süffiger weißwein,0,1,0%,7
wat is huiswijn,0,1,0%,7
welke wijn past bij welk gerecht,0,1,0%,7
wine with flavor,0,1,0%,7
yourfavouritekises,0,1,0%,7
просекко cava,0,1,0%,7
cabernet sauvignon y merlot,0,1,0%,8
cava %,0,1,0%,8
date wines,0,1,0%,8
flavire,0,1,0%,8
gute weinsorten,0,1,0%,8
merlot v cabernet sauvignon,0,1,0%,8
sauvignon blanc ou chardonnay,0,1,0%,8
sauvignon blanc vs merlot,0,1,0%,8
süffiger rotwein,0,1,0%,8
van welke druiven wordt rose gemaakt,0,1,0%,8
verschil tussen chardonnay en sauvignon blanc,0,1,0%,8
vis wijnfles,0,1,0%,8
welke wij,0,1,0%,8
wij geschenk,0,1,0%,8
wijnbelevenis,0,1,0%,8
wine date night,0,1,0%,8
wine tasting board game,0,1,0%,8
cava sommelier,0,1,0%,9
chardonnay 4 pack,0,1,0%,9
flavory food,0,1,0%,9
flavory kitchen,0,1,0%,9
flavory restaurant,0,1,0%,9
is merlot cabernet sauvignon,0,1,0%,9
merlot malbec ou cabernet,0,1,0%,9
"merlot, cabernet sauvignon",0,1,0%,9
mooie flessen wijn,0,1,0%,9
more flunky flavour,0,1,0%,9
sauvignon blanc vs. chardonnay,0,1,0%,9
slijterij,0,1,0%,9
wat kost deze fles,0,1,0%,9
weinachtsspiel,0,1,0%,9
wijndoos 2 flessen,0,1,0%,9
wijnproeverij date,0,1,0%,9
wine boxers,0,1,0%,9
cab sauvignon vs merlot,0,1,0%,10
cava takeout,0,1,0%,10
chardonnay vs sauvignon blanc differences,0,1,0%,10
fenster fetten womit,0,1,0%,10
flavorlab,0,1,0%,10
florsvin,0,1,0%,10
hoeveel kost dit ?,0,1,0%,10
natuurwijn breda,0,1,0%,10
oder spanien,0,1,0%,10
rose wijn cadeau,0,1,0%,10
sauvignon blanc of chardonnay verschil,0,1,0%,10
sayvignon blanc,0,1,0%,10
skillnad cava prosecco,0,1,0%,10
verjaardag grappig,0,1,0%,10
welke wijn is altijd goed?,0,1,0%,10
wijnproever naam,0,1,0%,10
wine packages,0,1,0%,10
black taste,0,1,0%,11
bubbel cava,0,1,0%,11
cabernet sauvignon vs. merlot,0,1,0%,11
chardonnay o sauvignon blanc,0,1,0%,11
chardonnay vs wine,0,1,0%,11
copy of kopie,0,1,0%,11
date night wine tasting,0,1,0%,11
decadente chardonnay,0,1,0%,11
evaluate the beer company flavourly on wine subscription box,0,1,0%,11
flavory cook,0,1,0%,11
geven niet de vijf,0,1,0%,11
is alcoholvrije wijn lekker,0,1,0%,11
is chardonnay altijd wit,0,1,0%,11
merlot premium,0,1,0%,11
merlot vs cabarnet,0,1,0%,11
the wine box,0,1,0%,11
wat is een lekkere wijn voor doordeweeks?,0,1,0%,11
wat kost zo een fles,0,1,0%,11
weintypen,0,1,0%,11
welche weinsorten,0,1,0%,11
wijn cadeautjes,0,1,0%,11
wine casino game buy,0,1,0%,11
wit en rood,0,1,0%,11
boxed wine,0,1,0%,12
boxed wine sauvignon blanc,0,1,0%,12
cadeau wijnproeverij,0,1,0%,12
cava v prosecco,0,1,0%,12
cava versus prosecco,0,1,0%,12
difference chardonnay sauvignon,0,1,0%,12
flouvor,0,1,0%,12
is sauvignon blanc chardonnay,0,1,0%,12
italian cava,0,1,0%,12
merlot vs. cabernet sauvignon,0,1,0%,12
taste of sauvignon blanc,0,1,0%,12
vereniging vlaamse sommeliers,0,1,0%,12
waar goedkoop te koop,0,1,0%,12
wijn met schaap op etiket,0,1,0%,12
flavourd,0,1,0%,13
kun je deze ook in nederland kopen,0,1,0%,13
rode wijn merlot cabernet sauvignon,0,1,0%,13
rode wijnparels,0,1,0%,13
sauvignon blanc o chardonnay,0,1,0%,13
wijn aan huis,0,1,0%,13
casillero del diablo colruyt,0,1,0%,14
spellen voor vriendenweekend,0,1,0%,14
wijn club,0,1,0%,14
wijn cursus,0,1,0%,14
wijn pakket,0,1,0%,14
merlot heb,0,1,0%,15
wine blanche,0,1,0%,15
boanc,0,1,0%,17
beste witte wijn supermarkt,0,1,0%,18
chardonnay and sauvignon blanc,0,1,0%,18
chardonnay tasting,0,1,0%,18
wein auswählen,0,1,0%,18
wijnpakket aan huis,0,1,0%,18
hoeveel kost,0,1,0%,19
wijn als relatiegeschenk,0,1,0%,19
sauvignon blanc 2024,0,1,0%,20
onze black,0,1,0%,21
huis manendonckx,0,1,0%,22
wat kost deze wijn in nederland,0,1,0%,22
wijn merlot rode,0,1,0%,22
wine boxing,0,1,0%,23
flavor 2,0,1,0%,24
ja.,0,1,0%,24
shop for wine,0,1,0%,24
wijnkelder kopen,0,1,0%,24
beyond flavour,0,1,0%,25
dure wijnen,0,1,0%,26
is chardonnay wit of rood,0,1,0%,27
vriendenweekend namen,0,1,0%,27
wijn proeverij,0,1,0%,27
win flavor,0,1,0%,29
culinaire quizvragen,0,1,0%,30
paas wijn,0,1,0%,30
wine in black kortingscode,0,1,0%,30
wijnproeverijbox,0,1,0%,31
cabernet sauvignon witte wijn,0,1,0%,32
game of taste,0,1,0%,32
welchen wein,0,1,0%,32
welcher-wein,0,1,0%,34
cabernet sauvignon,0,1,0%,35
flaconwit wine,0,1,0%,35
waar is dit?,0,1,0%,35
geurdoos wijn,0,1,0%,36
natuurwijn bestellen,0,1,0%,36
wine opoly,0,1,0%,36
quizvragen over wijn,0,1,0%,37
goede rode wijn merlot,0,1,0%,38
verschil tussen sauvignon en chardonnay,0,1,0%,38
merlot witte wijn,0,1,0%,39
proeven van wijn,0,1,0%,40
wat is het verschil tussen chardonnay en sauvignon,0,1,0%,41
wine,0,1,0%,41
wijnpakket rood,0,1,0%,42
le nez du vin game,0,1,0%,43
merlot vine,0,1,0%,43
huiswijnen,0,1,0%,45
kerstkorting,0,1,0%,45
wat is zoeter chardonnay of sauvignon,0,1,0%,45
wijnproeverij gall en gall,0,1,0%,45
date night thuis box,0,1,0%,46
proefspel,0,1,0%,46
rode wijn leren drinken,0,1,0%,46
sauvignon blanc versus chardonnay,0,1,0%,46
verschil tussen sauvignon blanc en chardonnay,0,1,0%,46
merlot wijn wit,0,1,0%,47
kaas en wijn spel review,0,1,0%,48
prosecco proeverij boeken,0,1,0%,48
wijnproef set,0,1,0%,48
witte wijn merlot,0,1,0%,48
carnivoor rode wijn,0,1,0%,49
favoyeur,0,1,0%,49
barry white you re the first the last my,0,1,0%,50
fravour,0,1,0%,50
horoscoop 21 juli,0,1,0%,50
wijn bij venkel,0,1,0%,50
play wine,0,1,0%,51
teurer chardonnay,0,1,0%,52
wijn experience,0,1,0%,52
wijn verjaardag,0,1,0%,52
wijn proef set,0,1,0%,53
play food wine,0,1,0%,54
wijn kiezen,0,1,0%,54
witte chardonnay,0,1,0%,55
rode wijn sauvignon,0,1,0%,59
mini wijnproeverij thuis,0,1,0%,60
witte wijn bubbels,0,1,0%,60
beste horoscoop voorspelling,0,1,0%,61
winefalir,0,1,0%,61
merlot wine,0,1,0%,62
wijnproeverij thuis 4 personen,0,1,0%,62
merlot a cabernet sauvignon,0,1,0%,63
23 maart horoscoop,0,1,0%,64
eindejaars relatiegeschenken,0,1,0%,64
welke wijn past bij kreeft,0,1,0%,64
wijn kopen in de buurt,0,1,0%,64
wijn escape,0,1,0%,65
wijnproeverij thuis met sommelier,0,1,0%,65
horoscoop vissen april 2026,0,1,0%,66
rode wijn cabernet,0,1,0%,69
wein tester,0,1,0%,70
flavour logic,0,1,0%,71
flavouride,0,1,0%,71
grootste fles wijn ter wereld,0,1,0%,71
plus merlot,0,1,0%,71
rode en witte wijn,0,1,0%,73
rose wijn proefpakket,0,1,0%,73
wijnquiz,0,1,0%,73
rode wijn met houtsmaak,0,1,0%,74
welke wijn moet in de koelkast,0,1,0%,74
chardonnay trocken oder lieblich,0,1,0%,75
witte kerst rode wijn,0,1,0%,76
persoonlijk wijnadvies,0,1,0%,77
tester wina,0,1,0%,77
wine game online,0,1,0%,77
weine für anfänger,0,1,0%,78
witte wijn cadeau,0,1,0%,78
relatiegeschenken kerst wijn,0,1,0%,79
vino royal,0,1,0%,79
wijn bij paling,0,1,0%,79
klein flesje witte wijn,0,1,0%,80
wijnkenner naam,0,1,0%,81
welke wijn bij borrelplank,0,1,0%,82
verschil prosecco en cava,0,1,0%,85
falvour,0,1,0%,88
cursus wijnhandelaar,0,1,0%,89
familie fles spel,0,1,0%,89
cava witte wijn,0,1,0%,90
hoeveel prosecco in een glas,0,1,0%,90
plus sauvignon blanc,0,1,0%,90
drankenhandelaar,0,1,0%,91
rode wijn kiezen,0,1,0%,92
tof kerstpakket,0,1,0%,92
wein für anfänger,0,1,0%,92
witte wijn cadeau geven,0,1,0%,93
cava vs champagner,0,1,0%,96
relatiegeschenken wijn,0,1,0%,98
unterschied cava sekt,0,1,0%,98
wijnproeven cursus,0,1,0%,98
wijnproeverij met hapjes,0,1,0%,99
wijnpakket relatiegeschenk,0,1,0%,100
wine games online,0,1,0%,100
zelf wijn tasting organiseren,0,1,0%,100